claimReasonText,memberHCId,transactionPath,serviceStartDate,providerTaxId,memberCode,providerLicenseNo,accumName,sourceSystemClaimId,memberContract,serviceEndDate,lastUpdtUsrId,organizationCode,visits,claimSource,providerNPIId,memberSource,accumStartDate,claimId,days,memberCase,accumEndDate,amount,memberTier,productType,diagnosisCode,claimNetwork
NA,110T65411,EA,2015-11-14,0,20,0,HMINDOOP,784000000000000000,1G02,2015-11-14,ODSINITL,ANT,0,898,5620643,808,2015-01-01,784000000000000000,0,IN,2015-12-31,11.71,0,RX,0,T1
NA,110T65411,EA,2015-11-14,0,10,0,HMINDOOP,784000000000000000,1G02,2015-11-14,ODSINITL,ANT,0,898,5620643,808,2015-01-01,784000000000000000,0,IN,2015-12-31,117.11,0,RX,0,T1
NA,110T65411,EA,2015-11-14,0,60,0,HMINDOOP,784000000000000000,1G02,2015-11-14,ODSINITL,ANT,0,898,5620643,808,2015-01-01,784000000000000000,0,IN,2015-12-31,1117.11,0,RX,0,T1
NA,110T65411,EA,2015-11-14,0,40,0,HMINDOOP,784000000000000000,1G02,2015-11-14,ODSINITL,ANT,0,898,5620643,808,2015-01-01,784000000000000000,0,IN,2015-12-31,11.71,0,RX,0,T1
NA,110T65411,EA,2015-11-14,0,51,0,HMINDOOP,784000000000000000,1G02,2015-11-14,ODSINITL,ANT,0,898,5620643,808,2015-01-01,784000000000000000,0,IN,2015-12-31,117.11,0,RX,0,T1
NA,110T65411,EA,2015-11-14,0,61,0,HMINDOOP,784000000000000000,1G02,2015-11-14,ODSINITL,ANT,0,898,5620643,808,2015-01-01,784000000000000000,0,IN,2015-11-14,1117.11,0,RX,0,T1
