claimReasonText,memberHCId,transactionPath,serviceStartDate,providerTaxId,memberCode,providerLicenseNo,accumName,sourceSystemClaimId,memberContract,serviceEndDate,lastUpdtUsrId,organizationCode,visits,claimSource,providerNPIId,memberSource,accumStartDate,claimId,days,memberCase,accumEndDate,amount,memberTier,productType,diagnosisCode,claimNetwork
NA,110T65411,EA,11/14/2015,0,20,0,HMINDOOP,7.83694E+17,1G02,11/14/2015,ODSINITL,ANT,0,898,5620643,808,1/1/2015,7.83694E+17,0,IN,12/31/2015,11.71,0,RX,0,T1
NA,110T65411,EA,11/14/2015,0,10,0,HMINDOOP,7.83694E+17,1G02,11/14/2015,ODSINITL,ANT,0,898,5620643,808,1/1/2015,7.83694E+17,0,IN,12/31/2015,117.11,0,RX,0,T1
NA,110T65411,EA,11/14/2015,0,60,0,HMINDOOP,7.83694E+17,1G02,11/14/2015,ODSINITL,ANT,0,898,5620643,808,1/1/2015,7.83694E+17,0,IN,12/31/2015,1117.11,0,RX,0,T1
NA,110T65411,EA,11/14/2015,0,40,0,HMINDOOP,7.83694E+17,1G02,11/14/2015,ODSINITL,ANT,0,898,5620643,808,1/1/2015,7.83694E+17,0,IN,12/31/2015,11.71,0,RX,0,T1
NA,110T65411,EA,11/14/2015,0,51,0,HMINDOOP,7.83694E+17,1G02,11/14/2015,ODSINITL,ANT,0,898,5620643,808,1/1/2015,7.83694E+17,0,IN,12/31/2015,117.11,0,RX,0,T1
NA,110T65411,EA,14/11/2015,0,61,0,HMINDOOP,7.83694E+17,1G02,14/11/2015,ODSINITL,ANT,0,898,5620643,808,14/11/2015,7.83694E+17,0,IN,14/11/2015,1117.11,0,RX,0,T1
